Make,Model
Alfa Romeo,33 Stradale
Alfa Romeo,4C
Alfa Romeo,Giulia
Alfa Romeo,Giulietta
Alfa Romeo,Junior
Alfa Romeo,Mito
Alfa Romeo,Stelvio
Alfa Romeo,Tonale
Alpine,A110
Artega,Evetta
Artega,Scalo
Aston Martin,DB11
Aston Martin,DB12
Aston Martin,DB9
Aston Martin,DBS Superleggera
Aston Martin,DBX
Aston Martin,Rapide
Aston Martin,V12 Vantage
Aston Martin,V8 Vantage
Aston Martin,Valhalla
Aston Martin,Valkyrie
Aston Martin,Vanquish
Aston Martin,Vantage
Aston Martin,Victor
Audi,A1
Audi,A3
Audi,A4
Audi,A5
Audi,A6
Audi,A7
Audi,A8
Audi,Q2
Audi,Q3
Audi,Q4 e-tron
Audi,Q5
Audi,Q6 e-tron
Audi,Q7
Audi,Q8
Audi,Q8 e-tron
Audi,R8
Audi,RS3
Audi,RS4
Audi,RS5
Audi,RS6
Audi,RS7
Audi,RSQ3
Audi,RSQ8
Audi,S1
Audi,S3
Audi,S4
Audi,S5
Audi,S6
Audi,S7
Audi,S8
Audi,SQ2
Audi,SQ3
Audi,SQ5
Audi,SQ7
Audi,SQ8
Audi,TT
Audi,TT RS
Audi,TTRS
Audi,TTS
Audi,e-tron
Audi,e-tron GT
BMW,116d
BMW,116i
BMW,118d
BMW,118i
BMW,120d
BMW,120i
BMW,125d
BMW,125i
BMW,218d
BMW,218i
BMW,220d
BMW,220i
BMW,225d
BMW,225i
BMW,225xe
BMW,228i
BMW,230i
BMW,316i
BMW,318d
BMW,318i
BMW,320d
BMW,320i
BMW,325d
BMW,330d
BMW,330e
BMW,330i
BMW,335d
BMW,335i
BMW,340i
BMW,418d
BMW,418i
BMW,420d
BMW,420i
BMW,425d
BMW,430d
BMW,430i
BMW,435d
BMW,435i
BMW,440i
BMW,518d
BMW,520d
BMW,520i
BMW,530d
BMW,530e
BMW,530i
BMW,535d
BMW,540d
BMW,540i
BMW,545e
BMW,550i
BMW,630d
BMW,630i
BMW,640d
BMW,640i
BMW,650i
BMW,730d
BMW,740d
BMW,740i
BMW,745e
BMW,750i
BMW,840d
BMW,840i
BMW,850i
BMW,M135i
BMW,M140i
BMW,M2
BMW,M235i
BMW,M240i
BMW,M3
BMW,M340i
BMW,M35i
BMW,M4
BMW,M40d
BMW,M40i
BMW,M440i
BMW,M5
BMW,M50i
BMW,M6
BMW,M60i
BMW,M760i
BMW,M8
BMW,M850i
BMW,X1
BMW,X2
BMW,X3
BMW,X3 M
BMW,X4
BMW,X4 M
BMW,X5
BMW,X5 M
BMW,X6
BMW,X6 M
BMW,X7
BMW,Z4
BMW,i3
BMW,i4
BMW,i5
BMW,i7
BMW,i8
BMW,iX
BMW,iX1
BMW,iX2
BMW,iX3
BMW,sDrive18d
BMW,sDrive18i
BMW,sDrive20d
BMW,sDrive20i
BMW,xDrive20d
BMW,xDrive20i
BMW,xDrive25e
BMW,xDrive30d
BMW,xDrive30i
BMW,xDrive40d
BMW,xDrive40i
BMW,xDrive45e
Bentley,Bentayga
Bentley,Continental GT
Bentley,Flying Spur
Bentley,GTC
Bentley,Mulsanne
Bugatti,Bolide
Bugatti,Centodieci
Bugatti,Chiron
Bugatti,Divo
Bugatti,EB 16.4 Veyron
Bugatti,La Voiture Noire
Bugatti,Mistral
Cadillac,ATS
Cadillac,CT4
Chevrolet,Malibu
Chevrolet,Orlando
Chevrolet,Spark
Chevrolet,Trax
Citroën,Berlingo
Citroën,C3
Citroën,C3 Aircross
Citroën,C3 Picasso
Citroën,C4
Citroën,C4 Picasso
Citroën,C4 SpaceTourer
Citroën,C5 X
Citroën,DS3
Citroën,E-Mehari
Citroën,Jumper
Citroën,Jumpy
Citroën,SpaceTourer
Cupra,Ateca
Cupra,Born
Cupra,Formentor
Cupra,Léon
Cupra,Tavascan
Cupra,Terraman
DS,3
DS,3 Crossback
DS,4
DS,5
DS,7 Crossback
DS,9
Dacia,Bigster
Dacia,Duster
Dacia,Lodgy
Dacia,Logan
Dacia,Sandero
Dacia,Spring Electric
Daihatsu,Cuore
Donkervoort,D8 GTO
Donkervoort,F22
Ferrari,12Cilindri
Ferrari,296 GTB
Ferrari,458 Italia
Ferrari,488
Ferrari,812 Superfast
Ferrari,California T
Ferrari,Daytona SP3
Ferrari,F12 Berlinetta
Ferrari,F8 Tributo
Ferrari,F80
Ferrari,FF
Ferrari,GTC4Lusso
Ferrari,LaFerrari
Ferrari,Monza SP1
Ferrari,Monza SP2
Ferrari,Portofino
Ferrari,Purosangue
Ferrari,Roma
Ferrari,SF90 Stradale
Fiat,124 Spider
Fiat,500L
Fiat,500X
Fiat,600
Fiat,Doblò
Fiat,Egea
Fiat,Fiorino
Fiat,Freemont
Fiat,Fullback
Fiat,Grande Panda
Fiat,Linea
Fiat,New 500e
Fiat,Palio Weekend
Fiat,Punto
Fiat,Qubo
Fiat,Scudo
Fiat,Strada
Fiat,Talento
Fiat,Tipo
Fiat,Topolino
Fiat,Ulysse
Firefly,Firefly
Ford,B-MAX
Ford,C-MAX
Ford,Capri EV
Ford,EcoSport
Ford,Edge
Ford,Edge L
Ford,Fiesta
Ford,Fiesta ST
Ford,Focus
Ford,Focus RS
Ford,Focus ST
Ford,GT
Ford,Galaxy
Ford,Ka
Ford,Ka+
Ford,Kuga
Ford,Mondeo
Ford,Puma
Ford,Puma ST
Ford,Ranger
Ford,S-MAX
Ford,Tourneo Connect
Ford,Transit Connect
Genesis,G90
Genesis,GV60
Genesis,GV70
Genesis,GV80
Ginetta,G60
HiPhi,X
HiPhi,Z
Honda,Accord
Honda,CR-V
Honda,CR-Z
Honda,Civic
Honda,Insight
Honda,Jazz
Honda,Legend
Honda,NSX
Hyundai,Accent
Hyundai,Bayon
Hyundai,Equus
Hyundai,Genesis Coupé
Hyundai,H-1 Travel
Hyundai,Ioniq
Hyundai,Ioniq 5
Hyundai,Ioniq 6
Hyundai,Ioniq 9
Hyundai,Kona
Hyundai,Kona N
Hyundai,Nexo
Hyundai,Santa Fe
Hyundai,Staria
Hyundai,Veloster
Hyundai,i10
Hyundai,i20
Hyundai,i20 N
Hyundai,i30
Hyundai,i30 N
Hyundai,i30 N Fastback
Hyundai,i40
Hyundai,ix20
Hyundai,ix25
Hyundai,ix35
Hyundai,ix55
INEOS,Grenadier
INEOS,Grenadier Quartermaster
Infiniti,35
Infiniti,37
Infiniti,G 20
Infiniti,Q30
Infiniti,Q50
Infiniti,Q60
Infiniti,Q70
Infiniti,QX30
Infiniti,QX50
Infiniti,QX70
Isdera,Commendatore GT
Isuzu,D-Max
Jaguar,E-PACE
Jaguar,F-PACE
Jaguar,F-Type
Jaguar,I-PACE
Jaguar,XE
Jaguar,XF
Jaguar,XJ
Jeep,Avenger
Jeep,Cherokee
Jeep,Compass
Jeep,Grand Cherokee
Jeep,Patriot
Jeep,Wrangler
Kia,Carens
Kia,Carnival
Kia,Cee'd
Kia,EV3
Kia,EV4
Kia,EV5
Kia,EV6
Kia,EV9
Kia,Forte
Kia,K4
Kia,Niro
Kia,PV5
Kia,Picanto
Kia,Quoris
Kia,Sorento
Kia,Soul
Kia,Sportage
Kia,Stinger
Kia,Stonic
Koenigsegg,Agera
Koenigsegg,CC850
Koenigsegg,Gemera
Koenigsegg,Jesko
Koenigsegg,Regera
LEVC,L380
LEVC,TX
LEVC,VN5
LTI,TX4
Lada,Aura
Lada,Iskra
Lada,Kalina
Lada,Priora
Lada,Urban
Lada,Vesta
Lada,XRAY
Lamborghini,Aventador
Lamborghini,Centenario
Lamborghini,Countach LPI 800-4
Lamborghini,Huracán
Lamborghini,Revuelto
Lamborghini,Sián
Lamborghini,Temerario
Lamborghini,Urus
Lancia,Voyager
Lancia,Ypsilon
Land Rover,Defender
Land Rover,Discovery
Land Rover,Discovery Sport
Land Rover,LR4
Land Rover,Range Rover
Land Rover,Range Rover Evoque
Land Rover,Range Rover Sport
Land Rover,Range Rover Velar
Leapmotor,C10
Leapmotor,T03
Lexus,CT
Lexus,ES
Lexus,LBX
Lexus,LM
Lexus,LS
Lexus,NX
Lexus,RX
Lexus,RZ
Lexus,UX
Ligier,JS 60
Ligier,JS RC
Ligier,Myli
Lotus,3-Eleven
Lotus,Eletre
Lotus,Elise
Lotus,Emeya
Lotus,Emira
Lotus,Evija
Lotus,Evora
Lotus,Exige
Lucid,Air
Lucid,Gravity
Lynk & Co,1
Lynk & Co,2
Lynk & Co,8
MINI,Clubman Cooper S
MINI,Clubman John Cooper Works
MINI,Cooper S
MINI,Countryman Cooper S
MINI,Countryman John Cooper Works
MINI,John Cooper Works
Mahindra,e2o
Maserati,Ghibli
Maserati,GranCabrio
Maserati,GranTurismo
Maserati,Grecale
Maserati,Levante
Maserati,MC20
Maserati,Quattroporte
Mazda,2 Hybrid
Mazda,3
Mazda,5
Mazda,CX-3
Mazda,CX-30
Mazda,CX-5
Mazda,CX-60
Mazda,CX-80
Mazda,EZ-6
Mazda,EZ-60
Mazda,MX-30
Mazda,MX-5
Mazda,Miata
Mazda,Roadster
Mazzanti,Evantra
McLaren,Artura
McLaren,Elva
McLaren,GT
McLaren,P1
McLaren,Senna
McLaren,Solus GT
McLaren,Speedtail
Mercedes,A 160
Mercedes,A 180
Mercedes,A 200
Mercedes,A 220
Mercedes,A 250
Mercedes,AMG A 35
Mercedes,AMG A 45
Mercedes,AMG C 43
Mercedes,AMG C 63
Mercedes,AMG CLA 35
Mercedes,AMG CLA 45
Mercedes,AMG CLS 53
Mercedes,AMG E 43
Mercedes,AMG E 53
Mercedes,AMG E 63
Mercedes,AMG G 63
Mercedes,AMG GLA 35
Mercedes,AMG GLA 45
Mercedes,AMG GLB 35
Mercedes,AMG GLC 43
Mercedes,AMG GLC 63
Mercedes,AMG GLE 53
Mercedes,AMG GLE 63
Mercedes,AMG GLS 63
Mercedes,AMG GT
Mercedes,AMG GT 4-Door Coupé
Mercedes,AMG S 63
Mercedes,AMG S 65
Mercedes,B 180
Mercedes,B 200
Mercedes,B 220
Mercedes,B 250
Mercedes,C 180
Mercedes,C 200
Mercedes,C 220 d
Mercedes,C 250
Mercedes,C 300
Mercedes,C 300 e
Mercedes,C 350 e
Mercedes,CLA 180
Mercedes,CLA 200
Mercedes,CLA 220
Mercedes,CLA 250
Mercedes,CLS 300 d
Mercedes,CLS 350
Mercedes,CLS 450
Mercedes,Citan
Mercedes,E 200
Mercedes,E 220 d
Mercedes,E 300
Mercedes,E 300 e
Mercedes,E 350
Mercedes,E 400
Mercedes,EQA
Mercedes,EQB
Mercedes,EQC
Mercedes,EQE
Mercedes,EQE SUV
Mercedes,EQS
Mercedes,EQS SUV
Mercedes,EQV
Mercedes,G 350 d
Mercedes,G 500
Mercedes,GLA 180
Mercedes,GLA 200
Mercedes,GLA 220
Mercedes,GLA 250
Mercedes,GLB 180
Mercedes,GLB 200
Mercedes,GLB 220
Mercedes,GLB 250
Mercedes,GLC 200
Mercedes,GLC 220 d
Mercedes,GLC 250
Mercedes,GLC 300
Mercedes,GLC 300 e
Mercedes,GLE 300 d
Mercedes,GLE 350
Mercedes,GLE 400
Mercedes,GLE 450
Mercedes,GLE 500
Mercedes,GLS 350 d
Mercedes,GLS 400
Mercedes,GLS 450
Mercedes,GLS 500
Mercedes,GLS 580
Mercedes,Maybach S 560
Mercedes,S 350 d
Mercedes,S 400
Mercedes,S 450
Mercedes,S 500
Mercedes,S 560
Mercedes,S 580
Mercedes,SL 400
Mercedes,SL 500
Mercedes,SL 63 AMG
Mercedes,SL 65 AMG
Mercedes,SLC
Mercedes,SLC 180
Mercedes,SLC 200
Mercedes,SLC 300
Mercedes,SLK
Mercedes,Sprinter
Mercedes,V 200
Mercedes,V 220 d
Mercedes,V 250 d
Mercedes,V 300 d
Micro,Microlino
Mini,Cabrio
Mini,Clubman
Mini,Countryman
Mini,Coupé
Mini,Hatch
Mini,Paceman
Mini,Roadster
Mitsubishi,ASX
Mitsubishi,Challenger
Mitsubishi,Colt
Mitsubishi,L200
Mitsubishi,Lancer
Mitsubishi,Montero
Mitsubishi,Montero Sport
Mitsubishi,Outlander
Mitsubishi,Pajero
Mitsubishi,Pajero Sport
Mitsubishi,Shogun
Mitsubishi,i-MiEV
Mobilize,Duo
Morgan,3 wheeler
Morgan,4
Morgan,Aero 8
Morgan,Midsummer
Morgan,Plus 4
Morgan,Plus 6
Morgan,Plus 8
Morgan,Roadster
Morgan,Super 3
Morgan,Supersport
Nio,EC6
Nio,EL6
Nio,EL9
Nio,ET5
Nio,ET7
Nissan,370Z
Nissan,Ariya
Nissan,Cube
Nissan,Frontier
Nissan,GT-R
Nissan,Juke
Nissan,Leaf
Nissan,Micra
Nissan,Murano
Nissan,N7
Nissan,Navara
Nissan,Pathfinder
Nissan,Patrol
Nissan,Qashqai
Nissan,Teana
Nissan,Tiida
Nissan,X-Trail
Noble,M500
Noble,M600
Opel,Adam
Opel,Agila B
Opel,Ampera
Opel,Ampera-e
Opel,Antara
Opel,Astra J
Opel,Astra K
Opel,Astra L
Opel,Cascada
Opel,Combo D
Opel,Combo E
Opel,Corsa E
Opel,Corsa F
Opel,Crossland
Opel,Crossland X
Opel,Frontera
Opel,Grandland
Opel,Grandland X
Opel,Insignia A
Opel,Insignia B
Opel,Karl
Opel,Meriva B
Opel,Mokka
Opel,Mokka X
Opel,Movano B
Opel,Movano C
Opel,Rocks-e
Opel,Vivaro B
Opel,Vivaro C
Opel,Zafira Tourer C
Pagani,Utopia
Perodua,Myvi
Peugeot,108
Peugeot,2008
Peugeot,208
Peugeot,208 GTi
Peugeot,3008
Peugeot,308
Peugeot,308 GTi
Peugeot,4008
Peugeot,408
Peugeot,5008
Peugeot,508
Peugeot,Bipper
Peugeot,Expert Tepee
Peugeot,Partner Rapid
Peugeot,Partner Tepee
Peugeot,RCZ
Peugeot,Rifter
Peugeot,Traveller
Peugeot,iOn
Piaggio,Porter
Pininfarina,Battista
Polestar,1
Polestar,2
Polestar,3
Polestar,4
Porsche,718 Boxster
Porsche,718 Boxster GTS
Porsche,718 Boxster S
Porsche,718 Cayman
Porsche,718 Cayman GT4
Porsche,718 Cayman GTS
Porsche,718 Cayman S
Porsche,718 Spyder
Porsche,911
Porsche,911 Carrera
Porsche,911 Carrera 4
Porsche,911 Carrera 4S
Porsche,911 Carrera S
Porsche,911 GT3
Porsche,911 GT3 RS
Porsche,911 GTS
Porsche,911 Turbo
Porsche,911 Turbo S
Porsche,918 Spyder
Porsche,Boxster
Porsche,Cayenne
Porsche,Cayenne GTS
Porsche,Cayenne S
Porsche,Cayenne Turbo
Porsche,Cayenne Turbo S E-Hybrid
Porsche,Cayman
Porsche,Macan
Porsche,Macan GTS
Porsche,Macan S
Porsche,Macan Turbo
Porsche,Panamera
Porsche,Panamera 4
Porsche,Panamera 4S
Porsche,Panamera GTS
Porsche,Panamera Turbo
Porsche,Panamera Turbo S E-Hybrid
Porsche,Taycan
Proton,Ertiga
Proton,Gen-2 Persona
Proton,Persona
Proton,Prevé
Proton,Satria Neo
Proton,Suprima S
Renault,4 E-Tech
Renault,5 E-Tech
Renault,Alaskan
Renault,Arkana
Renault,Austral
Renault,Captur
Renault,Clio
Renault,Clio RS
Renault,Clio RS Trophy
Renault,Duster Oroch
Renault,Espace
Renault,Express
Renault,Kadjar
Renault,Kangoo
Renault,Kaptur
Renault,Kardian
Renault,Koleos
Renault,Laguna
Renault,Latitude
Renault,Master
Renault,Megane GT
Renault,Megane RS
Renault,Megane RS Trophy
Renault,Mégane
Renault,Mégane E-Tech Electric
Renault,Oroch
Renault,Rafale
Renault,Scenic
Renault,Symbioz
Renault,Symbol
Renault,Taliant
Renault,Talisman
Renault,Twingo
Renault,Twizy
Renault,ZOE
Rimac,C Two
Rimac,Concept S
Rimac,Nevera
Rolls-Royce,Cullinan
Rolls-Royce,Dawn
Rolls-Royce,Ghost
Rolls-Royce,Phantom
Rolls-Royce,Spectre
Rolls-Royce,Wraith
Seat,Alhambra
Seat,Altea
Seat,Arona
Seat,Ateca
Seat,Ibiza
Seat,Léon
Seat,Mii
Seat,Tarraco
Seat,Toledo
Seres,A5
Seres,E3
Seres,SF5
Spyker,C8 Aileron
Spyker,C8 Preliator
SsangYong,Actyon Sports
SsangYong,Korando
SsangYong,Musso
SsangYong,Musso EV
SsangYong,Rexton
SsangYong,Rexton W
SsangYong,Tivoli
SsangYong,Tivoli XLV
Subaru,BRZ
Subaru,Crosstrek
Subaru,Forester
Subaru,Impreza
Subaru,Justy
Subaru,Legacy
Subaru,Levorg
Subaru,Outback
Subaru,Solterra
Subaru,Trezia
Subaru,WRX
Subaru,XV Crosstrek
Suzuki,Across
Suzuki,Baleno
Suzuki,Celerio
Suzuki,Grand Vitara
Suzuki,Jimny
Suzuki,SX4
Suzuki,Swace
Suzuki,Swift
Suzuki,Vitara
TVR,Griffith
Tata,Safari
Tazzari,Zero
Tesla,Cybertruck
Tesla,Model 3
Tesla,Model X
Tesla,Model Y
Tesla,Roadster
Toyota,Auris
Toyota,Avensis
Toyota,Aygo
Toyota,Aygo X
Toyota,C-HR
Toyota,C-HR+
Toyota,Camry
Toyota,Corolla Cross
Toyota,GR Supra
Toyota,GR Yaris
Toyota,GR86
Toyota,GT86
Toyota,Highlander
Toyota,Hilux
Toyota,Land Cruiser
Toyota,Land Cruiser Prado
Toyota,Mirai
Toyota,Prius
Toyota,RAV4
Toyota,Succeed
Toyota,Verso
Toyota,Verso-S
Toyota,Yaris
Toyota,bZ4X
Toyota,iQ
Vauxhall,Adam
Vauxhall,Agila B
Vauxhall,Ampera
Vauxhall,Ampera-e
Vauxhall,Antara
Vauxhall,Astra J
Vauxhall,Astra K
Vauxhall,Astra L
Vauxhall,Cascada
Vauxhall,Combo D
Vauxhall,Combo E
Vauxhall,Corsa E
Vauxhall,Corsa F
Vauxhall,Crossland
Vauxhall,Crossland X
Vauxhall,Frontera C
Vauxhall,Grandland
Vauxhall,Grandland X
Vauxhall,Insignia A
Vauxhall,Insignia B
Vauxhall,Meriva B
Vauxhall,Mokka
Vauxhall,Mokka X
Vauxhall,Movano B
Vauxhall,Movano C
Vauxhall,Viva
Vauxhall,Vivaro B
Vauxhall,Vivaro C
Vauxhall,Zafira Tourer C
Volkswagen,Amarok
Volkswagen,Arteon
Volkswagen,Arteon R
Volkswagen,CC
Volkswagen,Caddy
Volkswagen,Crafter
Volkswagen,Eos
Volkswagen,Golf
Volkswagen,Golf GTD
Volkswagen,Golf GTE
Volkswagen,Golf GTI
Volkswagen,Golf R
Volkswagen,ID. Buzz
Volkswagen,ID.3
Volkswagen,ID.4
Volkswagen,ID.5
Volkswagen,ID.7
Volkswagen,Jetta
Volkswagen,Passat
Volkswagen,Passat GTE
Volkswagen,Passat R-Line
Volkswagen,Passat V facelift
Volkswagen,Phaeton
Volkswagen,Polo
Volkswagen,Polo GTI
Volkswagen,Polo Sedan
Volkswagen,Scirocco
Volkswagen,Sharan
Volkswagen,T-Cross
Volkswagen,T-Roc
Volkswagen,T-Roc R
Volkswagen,T-Roc R-Line
Volkswagen,T5 Multivan
Volkswagen,T6 Multivan
Volkswagen,T7 Multivan
Volkswagen,Tayron
Volkswagen,Tharu
Volkswagen,The Beetle
Volkswagen,Tiguan
Volkswagen,Tiguan R
Volkswagen,Tiguan R-Line
Volkswagen,Touareg
Volkswagen,Touran
Volkswagen,Touran I facelift
Volkswagen,Up!
Volvo,C40
Volvo,EX30
Volvo,EX40
Volvo,EX90
Volvo,S60
Volvo,S80
Volvo,S90
Volvo,V40
Volvo,V60
Volvo,V70
Volvo,V90
Volvo,XC40
Volvo,XC60
Volvo,XC70
Volvo,XC90
Voyah,Free
XPeng,G6
XPeng,G9
XPeng,P7
Zeekr,1
Zeekr,7X
Zeekr,X
e.GO Mobile,Life
e.GO Mobile,Lux
e.GO Mobile,Mover
smart,#1
smart,#3
smart,#5
smart,ForFour
smart,ForTwo
Škoda,Citigo
Škoda,Enyaq
Škoda,Fabia
Škoda,Kamiq
Škoda,Karoq
Škoda,Kodiaq
Škoda,Octavia
Škoda,Praktik
Škoda,Rapid
Škoda,Roomster
Škoda,Scala
Škoda,Superb
Škoda,Yeti